NAME,G,M,A,C
J130850.11-004902.3_g.fits,-0.601603042484,-2.45972028202,0.25959299899,0.393938
J034240.10-062254.6_g.fits,-0.698009172116,-2.21267299727,0.209850750125,0.417849
J033733.38-063113.6_g.fits,-0.686047937103,-2.58962847122,0.19775095834,0.484454
J010709.16-003718.1_g.fits,-0.557023704941,-2.63643184845,0.13659728671,0.462956
J133305.34-010208.9_g.fits,-0.646497883058,-2.66049395778,0.162032072225,0.458551
J085618.72-002629.4_g.fits,-0.709453240564,-2.48198395175,0.134192003953,0.428519
J012529.13-000326.3_g.fits,-0.723871401971,-2.40023226758,0.157028573888,0.489205
J135314.12+002650.2_g.fits,-0.718722723282,-2.4493128079,0.182679027484,0.418929
J130850.11-004902.3_g.fits,-0.601603042484,-2.45972028202,0.259497380949,0.393938
J034240.10-062254.6_g.fits,-0.697997944583,-2.21268034006,0.209760915728,0.417849
J121326.84-000548.1_g.fits,-0.664082058627,-2.14341254614,0.372656609355,0.274046
J113148.60+005147.7_g.fits,-0.722468221663,-2.11602491903,0.381253178877,0.183328
J110338.36-005208.4_g.fits,-0.709236661362,-1.42359619043,0.152948554544,0.110266
J024440.65-090735.5_g.fits,-0.705833715492,-2.2150296343,0.174399857493,0.418084
J001947.33+003526.9_g.fits,-0.731259978433,-2.60876928045,0.176400703181,0.520457
J171934.81+563748.1_g.fits,-0.710129177156,-2.60125286452,0.258736630771,0.539346
J132505.37-005411.2_g.fits,-0.71491917206,-2.44948401525,0.211463142759,0.468221
J023310.79-074813.4_g.fits,-0.705199455279,-2.22948314486,0.284056676354,0.385489
J111835.82+002511.2_g.fits,-0.760898559003,-2.56691294516,0.30893906921,0.611654
J172717.39+582907.7_g.fits,-0.657035571027,-2.5618028349,0.414449893024,0.297872
J034545.16-071526.9_g.fits,-0.669598719465,-2.44044119384,0.288982888699,0.369731
J094511.97-000712.1_g.fits,-0.671146045647,-2.11343437044,0.49433541644,0.252363
J023310.79-074813.4_g.fits,-0.70554155863,-2.22882517346,0.284227255225,0.385489
J111835.82+002511.2_g.fits,-0.760795843523,-2.56712064338,0.308990747222,0.611654
J005940.11+151951.5_g.fits,-0.705327247207,-2.58364629696,0.242619078779,0.455694
J034545.16-071526.9_g.fits,-0.669626119326,-2.44041520923,0.289535616115,0.369731
J082403.67+515415.7_g.fits,-0.694302916709,-2.21683623781,0.308130922884,0.252281
J023310.79-074813.4_g.fits,-0.705584206004,-2.22888389926,0.283687036306,0.385489
J111835.82+002511.2_g.fits,-0.760924335525,-2.56685530582,0.308860835347,0.611654
J082403.67+515415.7_g.fits,-0.694302916709,-2.21683623781,0.308130922884,0.252281
J111835.82+002511.2_g.fits,-0.760857912341,-2.56699867165,0.308522013774,0.611654
J141026.83-004956.6_g.fits,-0.756907479713,-2.44434625971,0.292860519523,0.533125
J030801.40-005325.8_g.fits,-0.737102711173,-2.34411258134,0.232126231527,0.493265
J150759.30+011354.3_g.fits,-0.712234730042,-2.13046558088,0.178931967098,0.37208
J011905.14+003745.0_g.fits,-0.630224945447,-2.73411976457,0.464984489503,0.345866
J030632.00-062521.2_g.fits,-0.681397571651,-2.00754396821,0.272430095597,0.119795
J110617.71-004542.2_g.fits,-0.754164352888,-1.98079139576,0.371592069263,0.137806
J085214.30+525323.9_g.fits,-0.678186399906,-1.46996270733,0.239592126777,0.202072
J173752.68+540339.5_g.fits,-0.688865251788,-1.97113423987,0.196704414185,0.268007
J003735.81+001650.5_g.fits,-0.740004647082,-2.63853113397,0.164734875818,0.536533
J085015.01+534032.0_g.fits,-0.728711599328,-2.55952379773,0.406779960151,0.39291
J110338.36-005208.4_g.fits,-0.709236661362,-1.42359619043,0.152948554544,0.110266
J034330.26-073507.4_g.fits,-0.715920775461,-2.04311403059,0.338919172589,0.251453
J172837.52+570842.2_g.fits,-0.739300932832,-2.16658684548,0.766060866554,0.391266
J131408.61-002628.0_g.fits,-0.648391962461,-1.59804382506,0.141792784112,0.201268
J133853.41+004519.4_g.fits,-0.722052474922,-2.2932631604,0.186871275975,0.343187
J080248.17+450204.4_g.fits,-0.71562483941,-2.03912995208,0.240135472165,0.304595
J031100.77-082528.3_g.fits,-0.700728261047,-2.46993783026,0.297430551101,0.380952
J080248.17+450204.4_g.fits,-0.71562483941,-2.03912995208,0.240020184899,0.304595
J031100.77-082528.3_g.fits,-0.700728261047,-2.46993783026,0.297558019344,0.380952
J100008.40+005905.3_g.fits,-0.762720979819,-2.39168864752,0.320637706479,0.472611
J171459.27+644825.1_g.fits,-0.712365420087,-2.01944704055,0.297169886802,0.308147
J021404.40+131156.3_g.fits,-0.699931656787,-2.08887759666,0.218694078835,0.227098
J075438.46+423238.8_g.fits,-0.745119728871,-2.14514651887,0.19782581667,0.436998
J172837.52+570842.2_g.fits,-0.741411518819,-2.16443004134,0.766740698347,0.391266
J015650.69+145224.2_g.fits,-0.646383892841,-2.39538910513,0.287628839421,0.340717
J023310.79-074813.4_g.fits,-0.705529330784,-2.22889450493,0.283679317413,0.385489
J113209.24-005633.4_g.fits,-0.690858577235,-2.49289855677,0.355564345096,0.447797
J012801.39+131914.1_g.fits,-0.677093321607,-2.27970489555,0.251697209176,0.348289
J113209.24-005633.4_g.fits,-0.690858577235,-2.49289855677,0.355401634887,0.447797
J112757.53-011240.2_g.fits,-0.663070250947,-2.31946242192,0.464141698161,0.329964
J015612.53+145423.9_g.fits,-0.705802076939,-2.72508728348,0.239932783306,0.430159
J003843.06+003451.7_g.fits,-0.686673797881,-1.69786905392,0.169041406082,0.253778
J080248.17+450204.4_g.fits,-0.71562483941,-2.03912995208,0.24024323051,0.304595
J131226.68-022724.5_g.fits,-0.707554123271,-2.14852979915,0.285937956839,0.341824
J125027.42+001345.6_g.fits,-0.76233598312,-2.60530572703,0.411929456784,0.381614
J150759.30+011354.3_g.fits,-0.712136329809,-2.13062783513,0.179115846153,0.37208
J002537.70+000212.2_g.fits,-0.716982810982,-2.59795743298,0.217378007476,0.492212
J012012.10+143340.6_g.fits,-0.540988418133,-2.41213924063,0.353522552894,0.366881
J080248.17+450204.4_g.fits,-0.71562483941,-2.03912995208,0.240455816347,0.304595
J101806.67+000559.8_g.fits,-0.680591944864,-2.41255288267,0.293475260906,0.394269
J031100.77-082528.3_g.fits,-0.700728261047,-2.46993783026,0.297202660494,0.380952
J163215.40-000259.7_g.fits,-0.710094358187,-2.33738455901,0.322194492157,0.347085
J010957.04-004212.7_g.fits,-0.775097489461,-2.36362316392,0.365503133379,0.506592
J003735.81+001650.5_g.fits,-0.740054901793,-2.63845312551,0.164883622648,0.536533
J084805.78+542616.1_g.fits,-0.638049693307,-2.24144270089,0.205800201781,0.300453
J114840.43-001710.3_g.fits,-0.676935938753,-2.5726870156,0.406700465342,0.423791
J023310.79-074813.4_g.fits,-0.705210772575,-2.22951549613,0.283962016543,0.385489
J010716.63-003837.3_g.fits,-0.722182113072,-2.08758047689,0.260118915963,0.304612
J142410.99-004044.1_g.fits,-0.640958935716,-2.0068179226,0.232423863399,0.21315
J081455.56+503945.6_g.fits,-0.73632463104,-1.86918725514,0.265330280547,0.219437
J015650.69+145224.2_g.fits,-0.646358167564,-2.39535803313,0.287461362123,0.340717
J022938.59+002313.7_g.fits,-0.732558258526,-1.85150263577,0.143875045234,0.36435
J083904.17+502645.8_g.fits,-0.689747399111,-2.30475938905,0.221019709321,0.401206
J160933.75-002510.8_g.fits,-0.690364475016,-2.02608405755,0.518393762057,0.204527
J022243.58-084308.3_g.fits,-0.717985322862,-2.15096973994,0.16737922989,0.408792
J010239.14-005243.5_g.fits,-0.717936036967,-2.15374742585,0.379385131916,0.292514
J112426.14-002537.5_g.fits,-0.748896473062,-2.0192162442,0.35455833405,0.312473
J083614.89+521209.1_g.fits,-0.702459543727,-2.06567138723,0.329655545768,0.291249
J112757.53-011240.2_g.fits,-0.663085161938,-2.31948336559,0.463872626722,0.329964
J084805.78+542616.1_g.fits,-0.638049693307,-2.24144270089,0.205800201781,0.300453
J010716.63-003837.3_g.fits,-0.722182113072,-2.08758047689,0.259134441874,0.304612
J024222.87-011009.1_g.fits,-0.815704145094,-2.22693454158,0.483467361682,0.35437
J010606.93+002025.2_g.fits,-0.752794932402,-1.95508763682,0.198022707667,0.273677
J022243.58-084308.3_g.fits,-0.717985322862,-2.15096973994,0.16737922989,0.408792
J035212.58-062056.2_g.fits,-0.622316045835,-2.55355416596,0.255364943461,0.46091
J092902.44+582100.7_g.fits,-0.680365673348,-2.24999319533,0.355318649583,0.168198
J022243.58-084308.3_g.fits,-0.717985322862,-2.15096973994,0.16737922989,0.408792
J012839.88+144553.8_g.fits,-0.723816455032,-1.91593919742,0.704113980364,0.182891
J005342.65-010506.6_g.fits,-0.597762563337,-2.03910684764,0.569056959625,0.297531
J034226.85-003458.3_g.fits,-0.725767284951,-1.80209962724,0.188185481718,0.334324
J034330.26-073507.4_g.fits,-0.715920775461,-2.04311403059,0.338919172589,0.251453
J020012.57-003335.6_g.fits,-0.740667511666,-2.04736083654,0.322755565522,0.202138
J031100.77-082528.3_g.fits,-0.700728261047,-2.46993783026,0.297576064936,0.380952
J163215.40-000259.7_g.fits,-0.710094358187,-2.33738455901,0.322479279066,0.347085
J150759.30+011354.3_g.fits,-0.712283380438,-2.13037594084,0.178982120003,0.37208
J005256.01+154707.9_g.fits,-0.684836869741,-1.62741259732,0.60324539894,0.09384
J021405.91-001637.0_g.fits,-0.754012666322,-2.03261430442,0.131844514681,0.385364
J080248.17+450204.4_g.fits,-0.71562483941,-2.03912995208,0.240579395614,0.304595
J010239.14-005243.5_g.fits,-0.717936036967,-2.15374742585,0.380133762012,0.292514
J001529.74+003823.2_g.fits,-0.664646006422,-2.19118432531,0.132471799066,0.331321
J130549.53-033825.3_g.fits,-0.648916765752,-2.1859506286,0.228898926682,0.261593
J163215.40-000259.7_g.fits,-0.710094358187,-2.33738455901,0.322322887282,0.347085
J012839.88+144553.8_g.fits,-0.724256453024,-1.91598287537,0.703728792526,0.171381
J141259.24+005516.3_g.fits,-0.701909123431,-2.2388151791,0.358454234176,0.298459
J130549.53-033825.3_g.fits,-0.648916765752,-2.1859506286,0.228898926682,0.261593
J084805.78+542616.1_g.fits,-0.638049693307,-2.24144270089,0.205800201781,0.300453
J032541.69-001117.2_g.fits,-0.7396626336,-2.18620580146,0.372455738752,0.391964
J125027.42+001345.6_g.fits,-0.764406290974,-2.60305721769,0.415523277341,0.381614
J012839.88+144553.8_g.fits,-0.726619979239,-1.91234120199,0.705894196263,0.182891
J012839.88+144553.8_g.fits,-0.723969226654,-1.91360620796,0.704547004721,0.182891
J005342.65-010506.6_g.fits,-0.598160589957,-2.03850989204,0.569405977346,0.297531
J105408.24+002139.7_g.fits,-0.739481337171,-2.22090608219,0.29451445075,0.323702
J023436.21-002451.7_g.fits,-0.7219141234,-2.14207368101,0.326966867362,0.333373
J005059.24-003129.2_g.fits,-0.739560682208,-1.90890480269,0.343010374051,0.397914
J010606.93+002025.2_g.fits,-0.752794932402,-1.95508763682,0.197969498152,0.273677
J112426.14-002537.5_g.fits,-0.748896473062,-2.0192162442,0.35455833405,0.312473
J141259.24+005516.3_g.fits,-0.702237854366,-2.23764216754,0.355958617964,0.298459
J083614.89+521209.1_g.fits,-0.702459543727,-2.06567138723,0.330115426745,0.291249
J024024.87-085934.0_g.fits,-0.685776276585,-2.4050131392,0.329619095007,0.214559
J105408.24+002139.7_g.fits,-0.740315718423,-2.21980440628,0.294064747138,0.323702
J023436.21-002451.7_g.fits,-0.7219141234,-2.14207368101,0.326707182602,0.333373
J010211.33+143021.8_g.fits,-0.835917026987,-2.21458430717,0.434348329065,0.202075
J163705.21-002224.1_g.fits,-0.749014693287,-2.3900456888,0.587293136802,0.127144
J142818.40+010746.5_g.fits,-0.653525384944,-1.8681670894,0.393333960177,0.173079
J002930.15+152325.8_g.fits,-0.695308154601,-1.91152893411,0.274350210658,0.187829
J161354.27-003654.2_g.fits,-0.650927201298,-2.12037422234,0.318728770589,0.210191
J003843.06+003451.7_g.fits,-0.686673797881,-1.69786905392,0.169041406082,0.253778
J083816.15+524459.4_g.fits,-0.660059812486,-2.22758254673,0.337105037372,0.270438
J161243.06+002247.9_g.fits,-0.822312795807,-2.52518434348,0.769416257428,0.21517
J003937.83-001943.6_g.fits,-0.750487727286,-2.18777749094,0.375950320332,0.281332
J032541.69-001117.2_g.fits,-0.7396626336,-2.18620580146,0.371787307012,0.391964
J151204.94+000116.7_g.fits,-0.746882209283,-2.17529764249,0.4368666522,0.150214
J084747.97+003913.4_g.fits,-0.670653634256,-2.3095501891,0.37107006923,0.324071
J142410.99-004044.1_g.fits,-0.640958935716,-2.0068179226,0.232068215299,0.21315
J152026.08+011132.4_g.fits,-0.71748001128,-2.27938680465,0.286055372997,0.376486
J112426.14-002537.5_g.fits,-0.748896473062,-2.0192162442,0.35455833405,0.312473
J083614.89+521209.1_g.fits,-0.702459543727,-2.06567138723,0.329521161848,0.291249
J141259.24+005516.3_g.fits,-0.702635258823,-2.23738246922,0.35642460181,0.298459
J105408.24+002139.7_g.fits,-0.741510147599,-2.2189566712,0.294840716608,0.323702
J010211.33+143021.8_g.fits,-0.837325269269,-2.21440676732,0.437207096539,0.202075
J083835.82+531354.8_g.fits,-0.670000189417,-1.93480510655,0.235313778269,0.17188
J083139.08+524205.6_g.fits,-0.728340925611,-2.40213055569,0.429632788685,0.268806
J130549.53-033825.3_g.fits,-0.648916765752,-2.1859506286,0.228898926682,0.261593
J161732.15-001701.6_g.fits,-0.753236991906,-2.02760538865,0.360063368401,0.274241
J010957.04-004212.7_g.fits,-0.776410724059,-2.3609158276,0.366239275205,0.506592
J080551.11+442000.6_g.fits,-0.680915329515,-1.92942745631,0.265921460202,0.208125
J151945.25+005245.4_g.fits,-0.706146179907,-1.64378559489,0.288565555336,0.186361
J174129.46+551430.7_g.fits,-0.662774941961,-2.11901100287,0.205754116691,0.222416
J085834.75+530700.9_g.fits,-0.683634285247,-2.33758189455,0.301810345405,0.315858
J010716.63-003837.3_g.fits,-0.722182113072,-2.08758047689,0.259669253003,0.304612
J231143.74-001529.1_g.fits,-0.722908418501,-2.01766198869,0.121872572455,0.349166
J032002.72-004418.3_g.fits,-0.750652500827,-1.96834840158,0.423067724245,0.177647
J130549.53-033825.3_g.fits,-0.648916765752,-2.1859506286,0.228898926682,0.261593
J084747.71-002251.4_g.fits,-0.7119223446,-2.2279145504,0.402592253839,0.311127
J005204.21+000535.7_g.fits,-0.726873792489,-2.31255654378,0.16902539431,0.425039
J083139.08+524205.6_g.fits,-0.720928619447,-2.41539947344,0.431170371895,0.268806
J174221.56+552921.0_g.fits,-0.707344992762,-2.26542192681,0.269490700961,0.39825
J081205.07+441836.1_g.fits,-0.721563683964,-2.06362900093,0.313833451937,0.359384
J101600.62-000645.7_g.fits,-0.749200709032,-2.21863327735,0.488231130217,0.395144
J103217.32-001945.6_g.fits,-0.653837820533,-2.12401027773,0.236214212854,0.226327
J022243.58-084308.3_g.fits,-0.717985322862,-2.15096973994,0.16737922989,0.408792
J085834.75+530700.9_g.fits,-0.683634285247,-2.33758189455,0.301810345405,0.315858
J032541.69-001117.2_g.fits,-0.7396626336,-2.18620580146,0.372069069078,0.391964
J083814.87+525924.2_g.fits,-0.703370526671,-2.01287841396,0.389371157653,0.163643
J161354.27-003654.2_g.fits,-0.650927201298,-2.12037422234,0.318728770589,0.210191
J034226.85-003458.3_g.fits,-0.725767284951,-1.80209962724,0.188185481718,0.334324
J083614.89+521209.1_g.fits,-0.702459543727,-2.06567138723,0.329532788156,0.291249
J112426.14-002537.5_g.fits,-0.748896473062,-2.0192162442,0.35455833405,0.312473
J083814.87+525924.2_g.fits,-0.703370526671,-2.01287841396,0.389371157653,0.163643
J231143.74-001529.1_g.fits,-0.722908418501,-2.01766198869,0.121872572455,0.349166
J020748.73+133634.5_g.fits,-0.687307947491,-2.35060846978,0.402191360823,0.329609
J090850.68+552244.8_g.fits,-0.769408519515,-2.29979784358,0.380003748314,0.244922
J083814.87+525924.2_g.fits,-0.703370526671,-2.01287841396,0.389371157653,0.163643
J173801.52+561325.8_g.fits,-0.790747377346,-2.29123427105,0.462626145645,0.306578
J023436.21-002451.7_g.fits,-0.7219141234,-2.14207368101,0.326979176471,0.333373
J004404.34+000238.6_g.fits,-0.726957901991,-2.04664725123,0.313775033198,0.188446
J161732.15-001701.6_g.fits,-0.753236991906,-2.02760538865,0.360557120677,0.274241
J112426.14-002537.5_g.fits,-0.748896473062,-2.0192162442,0.35455833405,0.312473
J034226.85-003458.3_g.fits,-0.725767284951,-1.80209962724,0.188185481718,0.334324
J080551.11+442000.6_g.fits,-0.680915329515,-1.92942745631,0.265921460202,0.208125
J161732.15-001701.6_g.fits,-0.753236991906,-2.02760538865,0.360089842638,0.274241
J091640.46+564620.1_g.fits,-0.681110099024,-1.43815119221,0.645658816533,0.0232564
J011725.36-002024.9_g.fits,-0.723704333377,-2.40796068718,0.308408655616,0.402407
J083129.28+483733.7_g.fits,-0.654727185065,-2.53930566306,0.407474148036,0.350642
J003937.83-001943.6_g.fits,-0.752115515518,-2.18681541286,0.374945681962,0.281332
J011725.36-002024.9_g.fits,-0.723704333377,-2.40796068718,0.308600959543,0.402407
J024024.87-085934.0_g.fits,-0.685759166592,-2.40501727573,0.329016615361,0.214559
J094302.34-004850.0_g.fits,-0.782129660153,-2.16943331193,0.410174994308,0.383012
J124625.85-014745.5_g.fits,-0.690540094842,-1.80816488299,0.317822984571,0.144635
J152637.67+003533.5_g.fits,-0.721402372125,-2.24654487697,0.305773019321,0.323418
J020925.08+002357.8_g.fits,-0.766875554394,-2.23903871953,0.189931792415,0.37334
J040410.92-053809.0_g.fits,-0.650568590509,-2.01269499357,0.455224256293,0.0322685
J035946.79-064202.9_g.fits,-0.691950515367,-1.92238745214,0.403205600697,0.0310861
J152026.08+011132.4_g.fits,-0.71748001128,-2.27938680465,0.286155563163,0.376486
J173801.52+561325.8_g.fits,-0.789221844863,-2.29792629163,0.462378309279,0.318857
J080551.11+442000.6_g.fits,-0.680915329515,-1.92942745631,0.265921460202,0.208125
J094302.34-004850.0_g.fits,-0.782129660153,-2.16943331193,0.410174994308,0.383012
J084747.71-002251.4_g.fits,-0.7119223446,-2.2279145504,0.402173247096,0.311127
J014921.30+134851.8_g.fits,-0.700604711983,-1.94724265752,0.341915429646,0.176746
J232703.17+004256.8_g.fits,-0.739411158045,-2.39086218919,0.390795100385,0.317948
J034226.85-003458.3_g.fits,-0.725767284951,-1.80209962724,0.188185481718,0.334324
J231029.73+001622.9_g.fits,-0.721608726863,-2.15629768075,0.319806311094,0.299539
J171336.87+635918.9_g.fits,-0.757533401029,-1.78312886619,0.458200006823,0.197011
J174221.56+552921.0_g.fits,-0.707344992762,-2.26542192681,0.269490700961,0.39825
J174221.56+552921.0_g.fits,-0.707344992762,-2.26542192681,0.269490700961,0.39825
J080551.11+442000.6_g.fits,-0.680915329515,-1.92942745631,0.265921460202,0.208125
J040906.89-043050.3_g.fits,-0.674797089261,-2.18874680443,0.378069732935,0.324925
J231143.74-001529.1_g.fits,-0.722908418501,-2.01766198869,0.121872572455,0.349166
J093752.53+584409.8_g.fits,-0.676610642691,-2.00646482441,0.219059933197,0.22571
J034226.85-003458.3_g.fits,-0.725767284951,-1.80209962724,0.188185481718,0.334324
J040218.49-061912.9_g.fits,-0.648954863042,-2.15043240365,0.501190724922,0.127738
J014015.44+004953.3_g.fits,-0.76121734596,-2.00578281851,0.264086876851,0.40957
J233217.51-003144.6_g.fits,-0.732589107211,-2.45999559869,0.222636139506,0.395869
J171445.98+630037.2_g.fits,-0.69948012954,-2.3746991237,0.486560488654,0.38499
J022438.71-004757.2_g.fits,-0.717444788601,-2.10929754051,0.139460829018,0.309067
J141259.24+005516.3_g.fits,-0.703129870556,-2.23642602241,0.357949450418,0.298459
J145819.35+000042.0_g.fits,-0.742672992421,-2.06730328344,0.340849721008,0.0662051
J170020.88+625008.9_g.fits,-0.706106468739,-2.0523803898,0.476944381554,0.241551
J032631.77-011304.8_g.fits,-0.687845700296,-2.19244176215,0.237618796594,0.349256
J085748.07+004641.3_g.fits,-0.85245510508,-2.29068808742,0.535464722322,0.433447
J002032.94-000847.0_g.fits,-0.691429723841,-2.57692273355,0.320028467341,0.491884
J015050.84-002247.3_g.fits,-0.721782021502,-1.95287358288,0.197390739125,0.297052
J125645.02+001117.5_g.fits,-0.651802058355,-2.15970117567,0.334497892652,0.200571
J173801.52+561325.8_g.fits,-0.789852999858,-2.29403498796,0.460713780423,0.306578
J094302.34-004850.0_g.fits,-0.782129660153,-2.16943331193,0.410174994308,0.383012
J014830.96+143256.1_g.fits,-0.632534039565,-2.04175493436,0.359506601643,0.188038
J232703.17+004256.8_g.fits,-0.740851770272,-2.38796556332,0.391151168839,0.317948
J083354.29+514141.4_g.fits,-0.67369101762,-2.20835088673,0.26463430734,0.189278
J153101.20-000536.5_g.fits,-0.65303039951,-2.31745796994,0.319757382268,0.194319
J035804.52-060705.8_g.fits,-0.623925673583,-2.07731870167,0.232584526193,0.188585
J145135.52+000552.4_g.fits,-0.636489365812,-2.1778678747,0.355713424853,0.237865
J161354.27-003654.2_g.fits,-0.650927201298,-2.12037422234,0.318728770589,0.210191
J171336.87+635918.9_g.fits,-0.759367759209,-1.78100390849,0.458088331279,0.197011
J022438.71-004757.2_g.fits,-0.717444788601,-2.10929754051,0.139460829018,0.309067
J002536.89+001437.1_g.fits,-0.746951582543,-1.68019779757,0.241235882415,0.200202
J101600.62-000645.7_g.fits,-0.749200709032,-2.21863327735,0.488231130217,0.395144
J013555.82+143529.7_g.fits,-0.599865607256,-2.4062688013,0.325127527205,0.291916
J094302.34-004850.0_g.fits,-0.782129660153,-2.16943331193,0.410174994308,0.383012
J075830.21+460950.6_g.fits,-0.680016579471,-2.31872643039,0.313030048059,0.350436
J085748.07+004641.3_g.fits,-0.848627218431,-2.21297684983,0.532984149894,0.433447
J160523.96-002001.0_g.fits,-0.704242264891,-2.03398732493,0.393453349868,0.203288
J035629.17-045830.7_g.fits,-0.710479371553,-1.43348060538,0.274550489131,0.197665
J011247.02+142139.1_g.fits,-0.720239880289,-2.02537111052,0.318090105279,0.226202
J014530.75+141353.5_g.fits,-0.658977024458,-2.37679484027,0.392916625113,0.327288
J034236.05-062433.0_g.fits,-0.730062418573,-2.19830259905,0.345000494748,0.275637
J093752.53+584409.8_g.fits,-0.676610642691,-2.00646482441,0.219059933197,0.22571
J172343.17+570026.4_g.fits,-0.247608688487,-1.36788278921,0.226357702121,0.1356
J105621.57-005320.3_g.fits,-0.599463731439,-2.35403226305,0.217518719997,0.219845
J094302.34-004850.0_g.fits,-0.782129660153,-2.16943331193,0.410174994308,0.383012
J022438.71-004757.2_g.fits,-0.717444788601,-2.10929754051,0.139460829018,0.309067
J002312.35+003956.2_g.fits,-0.764555109228,-2.05331051439,0.236142457613,0.23215
J103443.94+000946.5_g.fits,-0.744774994654,-2.07382843899,0.429305648177,0.244181
J111640.31-001239.7_g.fits,-0.715917157046,-2.16278733734,0.231812838824,0.21327
J040906.89-043050.3_g.fits,-0.674797089261,-2.18874680443,0.378069732935,0.324925
J002312.35+003956.2_g.fits,-0.764493825448,-2.0534833986,0.235591451946,0.23215
J011237.91+000510.7_g.fits,-0.774904321109,-1.70499658238,0.781285589567,0.188252
J131020.79+003104.5_g.fits,-0.697406466693,-1.7706397656,0.176706413958,0.247902
J124625.85-014745.5_g.fits,-0.690540094842,-1.80816488299,0.317822984571,0.144635
J093752.53+584409.8_g.fits,-0.676610642691,-2.00646482441,0.219059933197,0.22571
J105621.57-005320.3_g.fits,-0.599463731439,-2.35403226305,0.217518719997,0.219845
J004404.34+000238.6_g.fits,-0.726957901991,-2.04664725123,0.313775033198,0.188446
J112433.60+001557.7_g.fits,-0.643141663262,-2.29495886696,0.330301474874,0.155425
J075516.72+392920.1_g.fits,-0.73238576692,-2.05843088924,0.29130661371,0.230621
J040218.49-061912.9_g.fits,-0.648954863042,-2.15043240365,0.502234299864,0.127738
J083814.87+525924.2_g.fits,-0.703370526671,-2.01287841396,0.389371157653,0.163643
J171336.87+635918.9_g.fits,-0.760230411352,-1.78158528435,0.458544561907,0.197011
J112133.54-000147.3_g.fits,-0.695357476382,-1.99823983018,0.383033608896,0.220806
J125645.02+001117.5_g.fits,-0.651802058355,-2.15970117567,0.334497892652,0.200571
J165840.54+602808.5_g.fits,-0.670662250219,-2.22009879583,0.322524534859,0.221156
J022438.71-004757.2_g.fits,-0.717444788601,-2.10929754051,0.139460829018,0.309067
J171823.73+552135.9_g.fits,-0.703145708362,-2.45044632397,0.301843748909,0.402052
J105621.57-005320.3_g.fits,-0.599463731439,-2.35403226305,0.217518719997,0.219845
J085357.61+552944.0_g.fits,-0.566931137042,-1.95429350276,0.215933457592,0.0302354
J235136.96+005307.1_g.fits,-0.726943601829,-2.43058364547,0.343893697769,0.431787
J030930.24-005601.8_g.fits,-0.710105480039,-2.24112400856,0.234515344068,0.287903
J130354.72-030631.8_g.fits,-0.639475919913,-0.724148937093,0.694616180093,0.0
J171336.87+635918.9_g.fits,-0.759433380544,-1.78099845174,0.457564984039,0.197011
J141640.99-001805.7_g.fits,-0.668817582614,-1.96906883537,0.251446238262,0.21476
J033538.17-073659.0_g.fits,-0.659928558624,-2.09045604909,0.409227842449,0.141369
J124647.30+003904.2_g.fits,-0.688668024411,-2.36085947144,0.310521554095,0.256987
J001109.00+003846.4_g.fits,-0.710174245111,-2.24156133093,0.299331583761,0.32971
J150624.80+010302.0_g.fits,-0.707019083504,-2.19570478993,0.318011547488,0.28887
J103443.94+000946.5_g.fits,-0.745658416129,-2.0730466953,0.426065243701,0.244181
J133725.22+001352.1_g.fits,-0.729303401887,-2.06109811891,0.302410132553,0.303888
J141524.11+001452.1_g.fits,-0.808046384824,-2.30120254642,0.500614268341,0.18556
J121300.61-005618.9_g.fits,-0.642162263284,-1.95650721459,0.394950120734,0.228958
J003815.57-005802.5_g.fits,-0.541380968031,-1.79948645152,0.460551456886,0.263759
J004404.34+000238.6_g.fits,-0.726957901991,-2.04664725123,0.313775033198,0.188446
J040410.92-053809.0_g.fits,-0.650568590509,-2.01269499357,0.455224256293,0.0322685
J094302.34-004850.0_g.fits,-0.782129660153,-2.16943331193,0.410174994308,0.383012
J103257.39+000224.3_g.fits,-0.634656396349,-1.84185523638,0.28208995952,0.152511
J231029.73+001622.9_g.fits,-0.721608726863,-2.15629768075,0.319806311094,0.299539
J113809.74-001751.0_g.fits,-0.663712372981,-1.97762054295,0.464640672924,0.149133
J152437.29+011139.1_g.fits,-0.688477485641,-1.75678070893,0.523790562297,0.134059
J085748.07+004641.3_g.fits,-0.853112450511,-2.28918791968,0.535977213744,0.433447
J005618.69+152517.5_g.fits,-1.35465567604,-1.52717451448,0.736700784015,0.0259271
J015702.87+130109.2_g.fits,-0.638936315265,-2.18812285417,0.350009280949,0.249522
J105621.57-005320.3_g.fits,-0.599463731439,-2.35403226305,0.217518719997,0.219845
J150624.80+010302.0_g.fits,-0.706489292759,-2.1967701023,0.318001575781,0.28887
J075054.77+414134.6_g.fits,-0.669563470215,-2.03197604175,0.354782913912,0.201572
J075744.23+400119.9_g.fits,-0.687373837627,-1.97883909929,0.298587611751,0.213165
J093752.53+584409.8_g.fits,-0.676610642691,-2.00646482441,0.219059933197,0.22571
J034236.05-062433.0_g.fits,-0.726742383996,-2.19906377285,0.344778114679,0.275637
J124625.85-014745.5_g.fits,-0.690540094842,-1.80816488299,0.317822984571,0.144635
J033538.17-073659.0_g.fits,-0.659928558624,-2.09045604909,0.409608240421,0.141369
J131038.91+010451.5_g.fits,-0.717584204964,-1.98222222234,0.260772804487,0.208221
J145121.49-002659.4_g.fits,-0.705801669006,-1.94619076136,0.318096845874,0.261788
J024426.67-071315.8_g.fits,-0.719081765801,-2.03691856836,0.288388278582,0.0349288
J104149.73+011412.9_g.fits,-0.690406950982,-1.982611423,0.444643826567,0.204232
J115946.21-000758.2_g.fits,-0.622490797248,-2.16263501635,0.36050979413,0.298233
J165840.54+602808.5_g.fits,-0.670662250219,-2.22009879583,0.322524534859,0.221156
J103443.94+000946.5_g.fits,-0.74627506882,-2.07042194601,0.424466928328,0.244181
J124647.30+003904.2_g.fits,-0.688668024411,-2.36085947144,0.310521554095,0.256987
J232703.17+004256.8_g.fits,-0.740510759157,-2.38883832693,0.390769845281,0.317948
J142456.15-002233.8_g.fits,-1.08890716172,-1.63040679601,0.731518436353,0.0
J170020.88+625008.9_g.fits,-0.705971308235,-2.05249272161,0.476690404863,0.241551
J001226.82-004819.4_g.fits,-0.74431335374,-2.36861393053,0.46806920611,0.368825
J165921.68+624635.7_g.fits,-0.653586823185,-2.24119092022,0.420558532594,0.303878
J153509.72-003950.0_g.fits,-0.687442769728,-2.45503436968,0.410473709062,0.360534
J010501.52-011224.3_g.fits,-0.75095814639,-2.20883474539,0.405639758125,0.483939
J081040.28+481233.2_g.fits,-0.731716781759,-2.19115903657,0.415614040368,0.290803
J001109.00+003846.4_g.fits,-0.710409504684,-2.24088859814,0.299713815363,0.32971
J153035.78+001517.6_g.fits,-0.766153877324,-2.19696476904,0.424581347034,0.295801
J113809.74-001751.0_g.fits,-0.663712372981,-1.97762054295,0.464640672924,0.149133
J150624.80+010302.0_g.fits,-0.707465744529,-2.19497901053,0.318179689957,0.28887
J004127.24+150258.5_g.fits,-0.695100173368,-2.1137779981,0.314716632824,0.161922
J130354.72-030631.8_g.fits,-0.642719449544,-0.738013127793,0.690156155895,0.0
J165840.54+602808.5_g.fits,-0.670662250219,-2.22009879583,0.322524534859,0.221156
J234536.18-003000.8_g.fits,-0.691790595884,-2.13414726588,0.23138265951,0.241413
J005618.69+152517.5_g.fits,-1.39182076934,-1.52451867087,0.737924641167,0.0259271
J134019.43+004702.0_g.fits,-0.736159824299,-2.10870417389,0.28589288642,0.284197
J015605.14-000721.7_g.fits,-0.742730092765,-2.19327927602,0.24671984918,0.371145
J105621.57-005320.3_g.fits,-0.599463731439,-2.35403226305,0.217518719997,0.219845
J083515.20+511732.7_g.fits,-0.73353525285,-1.9897599045,0.307069184575,0.147098
J094302.34-004850.0_g.fits,-0.782129660153,-2.16943331193,0.410174994308,0.383012
J082623.62+531822.6_g.fits,-0.719807694613,-2.26654745073,0.327651336614,0.219425
J124625.85-014745.5_g.fits,-0.690540094842,-1.80816488299,0.317822984571,0.144635
J105145.08-002616.7_g.fits,-0.639752136956,-2.23395274592,0.228801269912,0.189154
J033538.17-073659.0_g.fits,-0.659928558624,-2.09045604909,0.409670073275,0.141369
J124625.85-014745.5_g.fits,-0.690540094842,-1.80816488299,0.317822984571,0.144635
J034236.05-062433.0_g.fits,-0.730554482594,-2.19686626641,0.34829157738,0.275637
J172213.58+525807.2_g.fits,-0.725262899909,-1.99497047036,0.223843357151,0.225318
J123441.94-010034.8_g.fits,-0.742972803203,-1.63857120353,0.33339846701,0.0764086
J033538.17-073659.0_g.fits,-0.659928558624,-2.09045604909,0.409091016966,0.141369
J235744.10-001029.7_g.fits,-0.729519930679,-2.25167171389,0.284057935466,0.448503
J234700.43-002650.6_g.fits,-0.725906179502,-2.41000552707,0.139528670152,0.5045
J132502.24-002242.4_g.fits,-0.769604089765,-2.59750277108,0.455715307471,0.248884
J172613.28+643329.3_g.fits,-0.706799115832,-2.01154470006,0.363938391614,0.234319
J124000.57+010924.4_g.fits,-0.80332007612,-2.07603380863,0.47888324423,0.040568
J161707.67+001817.1_g.fits,-0.600941250792,-1.73414048917,0.326494894992,0.110935
J080331.74+462602.5_g.fits,-0.733105187777,-2.03921311894,0.349397342698,0.025358
J005800.81+002845.2_g.fits,-0.718803161742,-2.12106035122,0.30318637721,0.292388
J124625.85-014745.5_g.fits,-0.690540094842,-1.80816488299,0.317822984571,0.144635
J130927.53-010341.1_g.fits,-0.691464681368,-2.32434112046,0.37964871617,0.30299
J130939.16+010832.1_g.fits,-0.697734321513,-2.3244693262,0.255512104773,0.406093
J102143.30+011428.4_g.fits,-0.692450042167,-2.46138932907,0.29016168443,0.375804
J150624.80+010302.0_g.fits,-0.706761519433,-2.19614838994,0.317317408754,0.28887
J004127.24+150258.5_g.fits,-0.695100173368,-2.1137779981,0.314716632824,0.161922
J102143.30+011428.4_g.fits,-0.692450042167,-2.46138932907,0.29016168443,0.375804
J124321.32+005923.7_g.fits,-0.712512393084,-2.02533924326,0.428849327564,0.268188
J033436.01-074326.5_g.fits,-0.70706704443,-1.7603455731,0.370228107279,0.0738624
J095645.90-001534.3_g.fits,-0.735228964451,-2.25676558867,0.354140834337,0.440013
J235744.10-001029.7_g.fits,-0.729519930679,-2.25167171389,0.284247953292,0.448503
J010221.76+144920.5_g.fits,-0.620195735228,-1.84717951628,0.308792582925,0.107368
J100448.27+004606.2_g.fits,-0.665067206951,-2.31012403907,0.297414451993,0.254614
J173801.52+561325.8_g.fits,-0.791574194573,-2.29027896649,0.462012616052,0.306578
J125830.19-015835.5_g.fits,-0.666505786344,-1.7975207007,0.235488215368,0.166245
J112708.60-005838.0_g.fits,-0.6666811944,-1.90860984866,0.246331113563,0.0283467
J102143.30+011428.4_g.fits,-0.692450042167,-2.46138932907,0.29016168443,0.375804
J170130.98+594233.9_g.fits,-0.693667646217,-1.97215358965,0.283221870702,0.152503
J041046.03-051056.2_g.fits,-0.695307376402,-2.37350876533,0.443988977516,0.398655
J012558.29+000659.0_g.fits,-0.723528358629,-2.2232282137,0.257700880915,0.288799
J031557.34-082248.8_g.fits,-0.679848061522,-2.36296588166,0.413784035238,0.151073
J130354.72-030631.8_g.fits,-0.6820975345,-0.719301022493,0.704065225235,0.0
J160850.94-002928.9_g.fits,-0.672777404135,-2.09425562039,0.281082097734,0.146386
J012055.87+010119.7_g.fits,-0.689359448413,-1.99101679191,0.312957565762,0.197725
J032527.48-063838.3_g.fits,-0.692715974178,-2.03860719691,0.490230962913,0.0270514
J153307.38+010918.9_g.fits,-0.658992827344,-1.49884133679,0.200376729723,0.0803992
J002034.70-002814.7_g.fits,-0.669833998526,-2.18777325624,0.304143828642,0.283019
J134019.43+004702.0_g.fits,-0.736159824299,-2.10870417389,0.285314133724,0.284197
J111349.83+000733.9_g.fits,-0.71555658783,-1.83895694332,0.28420999647,0.167061
J112133.54-000147.3_g.fits,-0.695357476382,-1.99823983018,0.384554271159,0.220806
J150624.80+010302.0_g.fits,-0.706908048583,-2.19587674694,0.319338170586,0.28887
J130354.72-030631.8_g.fits,-0.657631808446,-0.72480342496,0.711206479537,0.0
J004127.24+150258.5_g.fits,-0.695100173368,-2.1137779981,0.314716632824,0.161922
J015359.35+124449.8_g.fits,-0.770169992663,-1.96389639407,0.535524963591,0.189927
J132123.26+000441.4_g.fits,-0.698557160101,-2.36408790502,0.296464808467,0.287807
J091640.46+564620.1_g.fits,-0.685031122087,-1.43111898775,0.646885278528,0.165291
J094828.32+580120.3_g.fits,-0.699925092993,-1.95558229777,0.224677784044,0.183978
J015910.36-002347.4_g.fits,-0.731821067208,-2.16840434447,0.247867179369,0.293949
J020223.71+124717.7_g.fits,-0.713596222887,-1.96863773981,0.356812413679,0.26316
J102143.30+011428.4_g.fits,-0.692450042167,-2.46138932907,0.29016168443,0.375804
J124321.32+005923.7_g.fits,-0.712512393084,-2.02533924326,0.428849327564,0.268188
J114840.14-021637.2_g.fits,-0.627292193508,-2.26881451011,0.263429483754,0.172533
J033347.06+001133.7_g.fits,-0.713279174539,-2.02062759906,0.328899977458,0.213472
J232255.15-005335.0_g.fits,-0.708833656351,-2.02594022265,0.225794005567,0.23253
J005449.20+135708.4_g.fits,-0.764256510385,-1.57789249613,0.654827743637,0.114813
J082250.95+501039.7_g.fits,-0.643399520223,-1.94855010302,0.169629753571,0.12235
J003951.18+000124.5_g.fits,-0.684131226095,-1.95924368688,0.271813233954,0.283528
J131939.12+002509.9_g.fits,-0.703461778054,-1.97511455474,0.355098360443,0.178893
J090445.03+545545.1_g.fits,-0.714947226513,-1.73443026793,0.293540841516,0.178016
J121244.68-002203.1_g.fits,-0.768793967746,-2.34493799665,0.44781550008,0.175525
J031240.20-003402.9_g.fits,-0.810691675543,-2.11026163284,0.688235527621,0.186045
J080432.92+482133.7_g.fits,-0.698776259239,-1.76660479179,0.14079362357,0.148629
J132103.46-033654.7_g.fits,-0.659602724043,-2.17095230437,0.341438815947,0.198783
J075117.37+381410.4_g.fits,-0.67610178329,-2.264379381,0.288975924804,0.217348
J121754.49+004136.0_g.fits,-0.73921724578,-2.02835330308,0.458264921316,0.314577
J030421.82-003002.5_g.fits,-0.728504941405,-1.90200840431,0.329766086668,0.223042
J003545.38+004150.1_g.fits,-0.720338666912,-2.21926235835,0.342869209273,0.335138
J020223.71+124717.7_g.fits,-0.713596222887,-1.96863773981,0.356812413679,0.26316
J123441.94-010034.8_g.fits,-0.742555116258,-1.63916373075,0.337729396033,0.0764086
J115926.22-002555.5_g.fits,-0.674950720432,-2.11548339687,0.319890230447,0.172256
J085932.48+531046.3_g.fits,-0.65735353308,-1.84296237525,0.226507313177,0.101571
J165921.68+624635.7_g.fits,-0.653586823185,-2.24119092022,0.42049355636,0.303878
J150624.80+010302.0_g.fits,-0.706690615214,-2.19628755429,0.3188688844,0.28887
J015712.09+140208.2_g.fits,-0.697038125741,-2.23530557411,0.333194952575,0.268241
J170405.10+631734.5_g.fits,-0.703325723456,-2.19594352576,0.445367998046,0.201481
J121912.77+003617.9_g.fits,-0.670531671554,-1.95725826221,0.226847651547,0.159837
J131110.30+002621.9_g.fits,-0.658972750651,-2.36924525428,0.394518210519,0.171362
J113257.18+005055.4_g.fits,-0.71707226214,-1.89143717615,0.387735573922,0.128415
J102143.30+011428.4_g.fits,-0.692450042167,-2.46138932907,0.29016168443,0.375804
J075537.80+410423.6_g.fits,-0.67347123533,-2.42772898431,0.461770976494,0.206814
J131147.00-013639.2_g.fits,-0.639176043848,-2.22502486071,0.328161778131,0.25601
J004158.03+152121.3_g.fits,-0.587618255933,-2.34072662206,0.445168182639,0.181156
J041104.08-060904.8_g.fits,-0.686524927606,-1.95073857607,0.280808993177,0.196479
J093958.08+573018.0_g.fits,-0.604908144351,-1.83777534539,0.16740346605,0.108213
J131038.91+010451.5_g.fits,-0.71597685568,-1.98666254306,0.259664795784,0.208221
J123441.94-010034.8_g.fits,-0.74280700252,-1.63849885192,0.332630521721,0.0764086
J134019.43+004702.0_g.fits,-0.736159824299,-2.10870417389,0.285585575216,0.284197
J005817.02+002256.3_g.fits,-0.726872941214,-1.90977575345,0.259413685711,0.316479
J001226.82-004819.4_g.fits,-0.74431335374,-2.36861393053,0.46806920611,0.368825
J142456.15-002233.8_g.fits,-1.07177385696,-1.62071848462,0.705522311331,0.0
J015359.35+124449.8_g.fits,-0.769158767874,-1.96621264091,0.535748609708,0.189927
J094828.32+580120.3_g.fits,-0.699925092993,-1.95558229777,0.224677784044,0.183978
J033538.17-073659.0_g.fits,-0.659928558624,-2.09045604909,0.409927324221,0.141369
J141640.99-001805.7_g.fits,-0.668817582614,-1.96906883537,0.251446238262,0.21476
J231411.48-002149.3_g.fits,-0.744577893504,-2.25088995722,0.385693315577,0.492711
J142934.07-000237.8_g.fits,-0.573915803492,-2.38038482641,0.329779025116,0.245542
J153406.72-010800.4_g.fits,-0.681870388073,-2.41721245592,0.386451878166,0.342136
J012259.70-002314.8_g.fits,-0.72068523663,-1.97702040258,0.236565527943,0.303533
J172613.28+643329.3_g.fits,-0.709550406406,-2.00910787744,0.365520790705,0.234319
J153026.32+000010.8_g.fits,-0.719074724152,-1.9445606271,0.261086631011,0.137986
J084845.58+542329.1_g.fits,-0.653633867937,-1.78015303326,0.218217905491,0.0237054
J084943.59+010041.0_g.fits,-0.762435501441,-2.21789884868,0.423750232155,0.237544
J121547.59+003348.6_g.fits,-0.649703149356,-1.94947750249,0.327008669012,0.154302
J082159.16+504114.0_g.fits,-0.685576197725,-2.18361811079,0.412078223022,0.288645
J130335.09-025417.1_g.fits,-0.678421565855,-1.9184456524,0.23785496695,0.175698
J001226.82-004819.4_g.fits,-0.74431335374,-2.36861393053,0.46806920611,0.368825
J033923.15-054841.6_g.fits,-0.71227012971,-1.90959221584,0.275919886406,0.181712
J165840.54+602808.5_g.fits,-0.670662250219,-2.22009879583,0.322524534859,0.221156
J130354.72-030631.8_g.fits,-0.642770254556,-0.738513488982,0.696250167637,0.0
J085236.63+552712.3_g.fits,-0.72166882651,-1.93412748787,0.218020510057,0.18691
J115926.22-002555.5_g.fits,-0.674950720432,-2.11548339687,0.321003448867,0.172256
J131038.91+010451.5_g.fits,-0.718767840144,-1.98137448801,0.261041677334,0.208221
J124631.45-015841.5_g.fits,-0.682819317062,-2.15337215062,0.385379842619,0.0452961
J115535.01-010615.7_g.fits,-0.656594032296,-1.9302422255,0.247963034249,0.190995
J031240.20-003402.9_g.fits,-0.814076528068,-2.10558602892,0.691070554661,0.186045
J013512.56-000947.8_g.fits,-0.707632968644,-2.18238453126,0.18320475439,0.289616
J132103.46-033654.7_g.fits,-0.659602724043,-2.17095230437,0.341438815947,0.198783
J075117.37+381410.4_g.fits,-0.67610178329,-2.264379381,0.288975924804,0.217348
J171001.52+574628.0_g.fits,-0.769849259975,-2.04841951199,0.67732114153,0.156473
J025446.35-074922.4_g.fits,-0.653926688055,-1.94459254345,0.244648017907,0.11409
J104439.41-002604.1_g.fits,-0.669546578561,-2.17969353492,0.325386357571,0.202613
J121912.77+003617.9_g.fits,-0.674697068139,-1.95217308351,0.228712674624,0.159837
J074057.41+394646.6_g.fits,-0.640802329251,-1.93896267291,0.253643561572,0.154135
J150619.96-005428.3_g.fits,-0.685553430469,-1.76633900721,0.247586687929,0.196002
J104439.41-002604.1_g.fits,-0.669546578561,-2.17969353492,0.325386357571,0.202613
J132403.64-005236.2_g.fits,-0.689065022423,-1.79237262854,0.394499576134,0.191069
J121425.66-005651.9_g.fits,-0.557987749539,-2.3633305555,0.449234598551,0.259572
J012055.87+010119.7_g.fits,-0.689359448413,-1.99101679191,0.312957565762,0.197725
J032527.48-063838.3_g.fits,-0.692715974178,-2.03860719691,0.490230962913,0.0270514
J131821.27+002440.8_g.fits,-0.684911044736,-2.43786771694,0.617352982887,0.147279
J004714.43+152414.5_g.fits,-0.635138559253,-2.12405178863,0.266293814901,0.178784
J170208.88+641221.0_g.fits,-0.716326073247,-2.06343217832,0.304536996768,0.30545
J033923.15-054841.6_g.fits,-0.71227012971,-1.90959221584,0.275919886406,0.181712
J232255.15-005335.0_g.fits,-0.708833656351,-2.02594022265,0.225794005567,0.23253
J033347.06+001133.7_g.fits,-0.713279174539,-2.02062759906,0.328899977458,0.213472
J130056.71-000438.1_g.fits,-0.761901301851,-2.0863489224,0.325799281647,0.220871
J125830.19-015835.5_g.fits,-0.666505786344,-1.7975207007,0.235488215368,0.166245
J231411.48-002149.3_g.fits,-0.744577893504,-2.25088995722,0.385637812219,0.492711
J020223.71+124717.7_g.fits,-0.713596222887,-1.96863773981,0.356812413679,0.26316
J015415.01+144716.8_g.fits,-0.664940346106,-2.104268023,0.403738788013,0.16162
J163620.48-000828.4_g.fits,-0.732015437742,-2.10304662773,0.333163239715,0.304655
J123829.87-022818.9_g.fits,-0.650282210072,-2.08760218805,0.404415861446,0.18655
J030421.82-003002.5_g.fits,-0.728504941405,-1.90200840431,0.33022878966,0.223042
J010206.40+152412.2_g.fits,-0.691015017511,-2.07013784764,0.163978352784,0.16908
J121912.77+003617.9_g.fits,-0.673693652415,-1.95389818458,0.229022670163,0.159837
J115201.21-002813.2_g.fits,-0.693906246451,-2.27078305457,0.353500641928,0.251291
J131810.45+003441.5_g.fits,-0.724367913378,-1.88318818454,0.342075941884,0.117541
J032527.48-063838.3_g.fits,-0.692715974178,-2.03860719691,0.490230962913,0.0270514
J130717.37-012802.5_g.fits,-0.695794766285,-2.30264155445,0.431897550896,0.165717
J085357.61+552944.0_g.fits,-0.566931137042,-1.95429350276,0.215933457592,0.0302354
J173933.33+565618.4_g.fits,-0.730150931863,-1.96532214523,0.422247203694,0.216642
J003545.38+004150.1_g.fits,-0.720338666912,-2.21926235835,0.34271185154,0.335138
J004135.57-010531.3_g.fits,-0.690650817929,-2.3177489677,0.299115009442,0.395397
J033538.17-073659.0_g.fits,-0.659928558624,-2.09045604909,0.409200738536,0.141369
J084934.94+012612.4_g.fits,-0.58870174795,-2.05481581467,0.394373896816,0.199357
J020223.71+124717.7_g.fits,-0.713596222887,-1.96863773981,0.356812413679,0.26316
J084845.58+542329.1_g.fits,-0.653633867937,-1.78015303326,0.218217905491,0.0237054
J130354.72-030631.8_g.fits,-0.684099840261,-0.730438844166,0.704221034713,0.0
J124847.94-015732.0_g.fits,-0.681408155132,-2.21382429855,0.358834819138,0.327587
J123829.87-022818.9_g.fits,-0.650282210072,-2.08760218805,0.404415861446,0.18655
J130717.37-012802.5_g.fits,-0.695794766285,-2.30264155445,0.431897550896,0.165717
J142456.15-002233.8_g.fits,-1.08619646611,-1.65085991483,0.712548335874,0.0
J000130.26-001446.1_g.fits,-0.720400554465,-2.11804715092,0.283803693712,0.270196
J130335.09-025417.1_g.fits,-0.678811827181,-1.91806955124,0.238140542401,0.175698
J130612.43-030441.2_g.fits,-0.705096304101,-2.23135549706,0.363339079564,0.260939
J105621.57-005320.3_g.fits,-0.599463731439,-2.35403226305,0.217518719997,0.219845
J082623.62+531822.6_g.fits,-0.719807694613,-2.26654745073,0.327651336614,0.219425
J133254.61-003235.2_g.fits,-0.734822307008,-1.98939541659,0.227781432359,0.308864
J124631.45-015841.5_g.fits,-0.682819317062,-2.15337215062,0.385379842619,0.0452961
J115535.01-010615.7_g.fits,-0.656594032296,-1.9302422255,0.247963034249,0.190995
J031240.20-003402.9_g.fits,-0.815082864353,-2.10461418567,0.686294926192,0.186045
J115201.21-002813.2_g.fits,-0.693906246451,-2.27078305457,0.353500641928,0.251291
J111349.83+000733.9_g.fits,-0.71555658783,-1.83895694332,0.283766760499,0.167061
J172729.94+565416.2_g.fits,-0.723531123925,-2.01096346403,0.34393311165,0.0408356
J121754.49+004136.0_g.fits,-0.73921724578,-2.02835330308,0.458312297014,0.314577
J094828.32+580120.3_g.fits,-0.699925092993,-1.95558229777,0.224677784044,0.183978
J075117.37+381410.4_g.fits,-0.67610178329,-2.264379381,0.288975924804,0.217348
J141640.99-001805.7_g.fits,-0.668817582614,-1.96906883537,0.251446238262,0.21476
J022351.15+001439.5_g.fits,-0.730623432544,-1.97439234944,0.177046792452,0.243563
J105621.57-005320.3_g.fits,-0.599463731439,-2.35403226305,0.217518719997,0.219845
J015605.14-000721.7_g.fits,-0.742730092765,-2.19327927602,0.246343822524,0.371145
J132123.26+000441.4_g.fits,-0.698557160101,-2.36408790502,0.296464808467,0.287807
J123441.94-010034.8_g.fits,-0.740119348939,-1.59165978145,0.334116716521,0.0764086
J004714.43+152414.5_g.fits,-0.635138559253,-2.12405178863,0.266293814901,0.178784
J121425.66-005651.9_g.fits,-0.55843241349,-2.36330435885,0.449600543717,0.259572
J173708.14+541220.9_g.fits,-1.39793491065,-1.63870763285,0.716891460121,0.0
J025446.35-074922.4_g.fits,-0.653926688055,-1.94459254345,0.244648017907,0.11409
J173708.14+541220.9_g.fits,-1.3111450212,-1.66238479047,0.706213429199,0.0
J032527.48-063838.3_g.fits,-0.692715974178,-2.03860719691,0.490230962913,0.0270514
J012055.87+010119.7_g.fits,-0.689359448413,-1.99101679191,0.312957565762,0.197725
J131821.27+002440.8_g.fits,-0.681296271843,-2.44756909645,0.618086193694,0.147279
J141640.99-001805.7_g.fits,-0.668817582614,-1.96906883537,0.251446238262,0.21476
J130200.26-030635.7_g.fits,-0.670258466998,-2.0525298906,0.362726185624,0.037912
J123441.94-010034.8_g.fits,-0.739997527465,-1.59089991629,0.336589280111,0.0764086
J033241.45+000455.3_g.fits,-0.73064818628,-1.96384740429,0.275302507068,0.263151
J125257.93-033532.1_g.fits,-0.646676827847,-2.05581267748,0.445270746924,0.141029
J130354.72-030631.8_g.fits,-0.674826751147,-0.729972996403,0.715376296198,0.0
J124116.14+004423.1_g.fits,-0.705761704993,-2.36613427616,0.291749852613,0.391891
J020223.71+124717.7_g.fits,-0.713596222887,-1.96863773981,0.356812413679,0.26316
J094828.32+580120.3_g.fits,-0.699925092993,-1.95558229777,0.224677784044,0.183978
J012558.29+000659.0_g.fits,-0.723734320141,-2.22279838858,0.257386360653,0.288799
J142456.15-002233.8_g.fits,-1.04067767224,-1.60416783588,0.698902876637,0.0
J132123.26+000441.4_g.fits,-0.698557160101,-2.36408790502,0.296464808467,0.287807
J025013.83-075260.0_g.fits,-0.698890973626,-2.22214441649,0.408976912839,0.295687
J102143.30+011428.4_g.fits,-0.692450042167,-2.46138932907,0.29016168443,0.375804
J124321.32+005923.7_g.fits,-0.712512393084,-2.02533924326,0.428849327564,0.268188
J163620.48-000828.4_g.fits,-0.732015437742,-2.10304662773,0.333163239715,0.304655
J123829.87-022818.9_g.fits,-0.650282210072,-2.08760218805,0.404415861446,0.18655
J145720.45-011103.7_g.fits,-0.679366995465,-1.93773545746,0.402986463976,0.166904
J082623.62+531822.6_g.fits,-0.719807694613,-2.26654745073,0.327651336614,0.219425
J114840.14-021637.2_g.fits,-0.627292193508,-2.26881451011,0.263429483754,0.172533
J154251.86+004023.0_g.fits,-0.773511027388,-2.38400192504,0.551134935853,0.288905
J085236.63+552712.3_g.fits,-0.72166882651,-1.93412748787,0.218020510057,0.18691
J130354.72-030631.8_g.fits,-0.638887550814,-0.718254246343,0.712863234647,0.0
J173708.14+541220.9_g.fits,-1.38351038335,-1.69828646591,0.712797253029,0.0
J014744.65+010049.8_g.fits,-0.691278551435,-2.14009548426,0.159692843159,0.311786
J010501.52-011224.3_g.fits,-0.75095814639,-2.20883474539,0.405701466859,0.483939
J085236.63+552712.3_g.fits,-0.72166882651,-1.93412748787,0.218020510057,0.18691
J015605.14-000721.7_g.fits,-0.742730092765,-2.19327927602,0.246744231328,0.371145
J114840.14-021637.2_g.fits,-0.627292193508,-2.26881451011,0.263429483754,0.172533
J125321.27-012252.3_g.fits,-0.707987386468,-1.83829519353,0.21999886605,0.0990059
J093958.08+573018.0_g.fits,-0.604908144351,-1.83777534539,0.16740346605,0.108213
J165921.68+624635.7_g.fits,-0.653586823185,-2.24119092022,0.420365229851,0.303878
J124631.45-015841.5_g.fits,-0.682819317062,-2.15337215062,0.385379842619,0.0452961
J115535.01-010615.7_g.fits,-0.656594032296,-1.9302422255,0.247963034249,0.190995
J025013.83-075260.0_g.fits,-0.698890973626,-2.22214441649,0.408976912839,0.295687
J132403.64-005236.2_g.fits,-0.689065022423,-1.79237262854,0.393664378189,0.191069
J005800.81+002845.2_g.fits,-0.718803161742,-2.12106035122,0.302940200252,0.292388
J094828.32+580120.3_g.fits,-0.699925092993,-1.95558229777,0.224677784044,0.183978
J033538.17-073659.0_g.fits,-0.659928558624,-2.09045604909,0.411292038134,0.141369
J023841.81-075413.5_g.fits,-0.725420557387,-1.84244089736,0.371621239218,0.169522
J021341.14+133438.7_g.fits,-0.690254781552,-2.08312686317,0.273488356137,0.0283638
J131749.70-011905.4_g.fits,-0.711265444558,-1.94876201587,0.199611783256,0.207032
J094828.32+580120.3_g.fits,-0.699925092993,-1.95558229777,0.224677784044,0.183978
J132349.24-013032.8_g.fits,-0.878522192466,-2.10172868392,0.759163332104,0.041505
J170208.88+641221.0_g.fits,-0.716326073247,-2.06343217832,0.303887770787,0.30545
J000130.26-001446.1_g.fits,-0.720451103918,-2.11793872225,0.283845638281,0.270196
J033213.21+001546.6_g.fits,-0.71748693268,-2.35794816324,0.434517608092,0.339648
J115817.25+004602.2_g.fits,-0.771183584952,-1.69549899222,0.381080873333,0.151339
J153026.32+000010.8_g.fits,-0.719074724152,-1.9445606271,0.261086631011,0.137986
J010501.52-011224.3_g.fits,-0.75095814639,-2.20883474539,0.405634680188,0.483939
J142934.07-000237.8_g.fits,-0.572984388568,-2.38216891644,0.329884097523,0.245542
J102143.30+011428.4_g.fits,-0.692450042167,-2.46138932907,0.29016168443,0.375804
J124321.32+005923.7_g.fits,-0.712512393084,-2.02533924326,0.428849327564,0.268188
J114840.14-021637.2_g.fits,-0.627292193508,-2.26881451011,0.263429483754,0.172533
J124847.94-015732.0_g.fits,-0.683878955731,-2.21236896424,0.35981004568,0.327587
J000431.92-011411.7_g.fits,-0.728616896896,-2.25584889898,0.328517594231,0.210631
J005331.07+140722.9_g.fits,-0.690835268609,-2.03003259899,0.437227444487,0.199567
J121754.49+004136.0_g.fits,-0.73921724578,-2.02835330308,0.458072782129,0.314577
J130056.71-000438.1_g.fits,-0.760393096627,-2.08730327109,0.324898069111,0.220871
J170208.88+641221.0_g.fits,-0.716326073247,-2.06343217832,0.303601793117,0.30545
J132103.46-033654.7_g.fits,-0.659602724043,-2.17095230437,0.341438815947,0.198783
J033213.21+001546.6_g.fits,-0.718954533505,-2.35667844896,0.435644374561,0.339648
J124923.56-033827.7_g.fits,-0.760460105186,-1.95950583509,0.435637015116,0.0251695
J000431.92-011411.7_g.fits,-0.729889412102,-2.25490661323,0.329905401449,0.210631
J132349.24-013032.8_g.fits,-0.834802211746,-1.86040558071,0.754099714631,0.041505
J005800.81+002845.2_g.fits,-0.718803161742,-2.12106035122,0.303370113586,0.292388
J094828.32+580120.3_g.fits,-0.699925092993,-1.95558229777,0.224677784044,0.183978
J005800.81+002845.2_g.fits,-0.718803161742,-2.12106035122,0.303266825259,0.292388
J132349.24-013032.8_g.fits,-0.845986090718,-1.85840010515,0.759755549435,0.041505
J123441.94-010034.8_g.fits,-0.73821958809,-1.59450313492,0.336137562791,0.0764086
J033213.21+001546.6_g.fits,-0.71843988985,-2.35723001003,0.435912602284,0.339648
J234536.18-003000.8_g.fits,-0.691790595884,-2.13414726588,0.23138265951,0.241413
J165921.68+624635.7_g.fits,-0.653586823185,-2.24119092022,0.419929838554,0.303878
J163620.48-000828.4_g.fits,-0.732015437742,-2.10304662773,0.333163239715,0.304655
J155804.98-003506.0_g.fits,-0.670967925285,-2.03794174318,0.480636950989,0.0387196
J124847.94-015732.0_g.fits,-0.682609080267,-2.21328241498,0.357793256895,0.327587
